-- phpMyAdmin SQL Dump
-- version 4.8.5
-- https://www.phpmyadmin.net/
--
-- Host: 127.0.0.1
-- Generation Time: Apr 22, 2019 at 07:11 PM
-- Server version: 10.1.38-MariaDB
-- PHP Version: 7.3.3

SET SQL_MODE = "NO_AUTO_VALUE_ON_ZERO";
SET AUTOCOMMIT = 0;
START TRANSACTION;
SET time_zone = "+00:00";


/*!40101 SET @OLD_CHARACTER_SET_CLIENT=@@CHARACTER_SET_CLIENT */;
/*!40101 SET @OLD_CHARACTER_SET_RESULTS=@@CHARACTER_SET_RESULTS */;
/*!40101 SET @OLD_COLLATION_CONNECTION=@@COLLATION_CONNECTION */;
/*!40101 SET NAMES utf8mb4 */;

--
-- Database: `19s2_g7`
--

-- --------------------------------------------------------

--
-- Table structure for table `attendance_status`
--

CREATE TABLE `attendance_status` (
  `idAttend` int(11) NOT NULL,
  `stdId` varchar(20) COLLATE utf8_unicode_ci NOT NULL,
  `dayCheckName` date NOT NULL,
  `attendanceStatus` varchar(10) COLLATE utf8_unicode_ci NOT NULL,
  `subject_id` int(11) NOT NULL,
  `note` varchar(20) COLLATE utf8_unicode_ci DEFAULT NULL
) ENGINE=InnoDB DEFAULT CHARSET=utf8 COLLATE=utf8_unicode_ci;

--
-- Dumping data for table `attendance_status`
--

INSERT INTO `attendance_status` (`idAttend`, `stdId`, `dayCheckName`, `attendanceStatus`, `subject_id`, `note`) VALUES
(6, '583020370-9', '2019-01-07', 'มา', 1, NULL),
(7, '583020330-1', '2019-01-07', 'ลา', 1, 'ลากิจ'),
(8, '593020403-1', '2019-01-07', 'มา', 1, NULL),
(9, '593020474-8', '2019-01-07', 'มา', 1, NULL),
(10, '593020423-5', '2019-01-07', 'มา', 1, NULL),
(11, '593020425-1', '2019-01-07', 'มา', 1, NULL),
(12, '593020437-4', '2019-01-07', 'มา', 1, NULL),
(13, '593020455-2', '2019-01-07', 'มา', 1, NULL),
(14, '593020459-4', '2019-01-07', 'มา', 1, NULL),
(15, '593020462-5	', '2019-01-07', 'มา', 1, NULL),
(70, '593021283-0', '2019-01-14', 'มา', 7, NULL),
(71, '593021284-8', '2019-01-14', 'มา', 7, NULL),
(72, '593020426-9', '2019-01-14', 'มา', 7, NULL),
(73, '593021286-4', '2019-01-14', 'มา', 7, NULL),
(74, '593020407-3', '2019-01-14', 'มา', 7, NULL),
(75, '593020428-5', '2019-01-14', 'มา', 7, NULL),
(76, '593020447-1', '2019-01-14', 'มา', 7, NULL),
(77, '593020450-2', '2019-01-14', 'มา', 7, NULL),
(78, '593020456-0', '2019-01-14', 'มา', 7, NULL),
(79, '593020464-1', '2019-01-14', 'ขาด', 7, NULL),
(80, '593020802-7', '2019-01-14', 'มา', 7, NULL),
(81, '593021283-0', '2019-01-21', 'มา', 7, NULL),
(82, '593021284-8', '2019-01-21', 'มา', 7, NULL),
(83, '593020426-9', '2019-01-21', 'มา', 7, NULL),
(84, '593021286-4', '2019-01-21', 'มา', 7, NULL),
(85, '593020407-3', '2019-01-21', 'มา', 7, NULL),
(86, '593020428-5', '2019-01-21', 'มา', 7, NULL),
(87, '593020447-1', '2019-01-21', 'มา', 7, NULL),
(88, '593020450-2', '2019-01-21', 'มา', 7, NULL),
(89, '593020456-0', '2019-01-21', 'มา', 7, NULL),
(90, '593020464-1', '2019-01-21', 'มา', 7, NULL),
(91, '593020802-7', '2019-01-21', 'มา', 7, NULL),
(92, '593021283-0', '2019-01-28', 'มา', 7, NULL),
(93, '593021284-8', '2019-01-28', 'มา', 7, NULL),
(94, '593020426-9', '2019-01-28', 'มา', 7, NULL),
(95, '593021286-4', '2019-01-28', 'มา', 7, NULL),
(96, '593020407-3', '2019-01-28', 'มา', 7, NULL),
(97, '593020428-5', '2019-01-28', 'มา', 7, NULL),
(98, '593020447-1', '2019-01-28', 'ขาด', 7, NULL),
(99, '593020450-2', '2019-01-28', 'มา', 7, NULL),
(100, '593020456-0', '2019-01-28', 'มา', 7, NULL),
(101, '593020464-1', '2019-01-28', 'มา', 7, NULL),
(102, '593020802-7', '2019-01-28', 'มา', 7, NULL),
(103, '593021264-4', '2019-01-07', 'มา', 1, NULL),
(104, '593021270-9', '2019-01-07', 'มา', 1, NULL),
(105, '593020052-4', '2019-01-07', 'มา', 1, NULL),
(106, '593020404-9', '2019-01-07', 'ขาด', 1, NULL),
(107, '593020409-9', '2019-01-07', 'มา', 1, NULL),
(108, '593020412-0', '2019-01-07', 'มา', 1, NULL),
(109, '593020418-8', '2019-01-07', 'มา', 1, NULL),
(110, '593020419-6', '2019-01-07', 'มา', 1, NULL),
(111, '593020432-4', '2019-01-07', 'มา', 1, NULL),
(112, '593020440-5', '2019-01-07', 'มา', 1, NULL),
(113, '593020441-3', '2019-01-07', 'มา', 1, NULL),
(114, '593020443-9', '2019-01-07', 'มา', 1, NULL),
(115, '593020463-3', '2019-01-07', 'มา', 1, NULL),
(116, '593020466-7', '2019-01-07', 'มา', 1, NULL),
(117, '593020467-5', '2019-01-07', 'มา', 1, NULL),
(118, '593020468-3', '2019-01-07', 'มา', 1, NULL),
(119, '593020470-6', '2019-01-07', 'มา', 1, NULL),
(120, '593020791-6', '2019-01-07', 'มา', 1, NULL),
(121, '593020806-9', '2019-01-07', 'มา', 1, NULL),
(122, '593020931-6', '2019-01-07', 'มา', 1, NULL),
(123, '593021265-2', '2019-01-07', 'มา', 1, NULL),
(124, '593021266-0', '2019-01-07', 'มา', 1, NULL),
(125, '593021273-3', '2019-01-07', 'มา', 1, NULL),
(126, '593021275-9', '2019-01-07', 'มา', 1, NULL),
(127, '593021279-1', '2019-01-07', 'มา', 1, NULL),
(128, '593020452-8', '2019-01-07', 'มา', 1, NULL),
(154, '583020370-9', '2019-01-14', 'มา', 1, NULL),
(155, '583020330-1', '2019-01-14', 'มา', 1, NULL),
(156, '593020403-1', '2019-01-14', 'มา', 1, NULL),
(157, '593020474-8', '2019-01-14', 'มา', 1, NULL),
(158, '593020423-5', '2019-01-14', 'มา', 1, NULL),
(159, '593020425-1', '2019-01-14', 'มา', 1, NULL),
(160, '593020437-4', '2019-01-14', 'มา', 1, NULL),
(161, '593020455-2', '2019-01-14', 'มา', 1, NULL),
(162, '593020459-4', '2019-01-14', 'มา', 1, NULL),
(163, '593020462-5	', '2019-01-14', 'มา', 1, NULL),
(164, '593021264-4', '2019-01-14', 'มา', 1, NULL),
(165, '593021270-9', '2019-01-14', 'ขาด', 1, NULL),
(166, '593020052-4', '2019-01-14', 'มา', 1, NULL),
(167, '593020404-9', '2019-01-14', 'มา', 1, NULL),
(168, '593020409-9', '2019-01-14', 'มา', 1, NULL),
(169, '593020412-0', '2019-01-14', 'มา', 1, NULL),
(170, '593020418-8', '2019-01-14', 'มา', 1, NULL),
(171, '593020419-6', '2019-01-14', 'มา', 1, NULL),
(172, '593020432-4', '2019-01-14', 'ขาด', 1, NULL),
(173, '593020440-5', '2019-01-14', 'ขาด', 1, NULL),
(174, '593020441-3', '2019-01-14', 'มา', 1, NULL),
(175, '593020443-9', '2019-01-14', 'มา', 1, NULL),
(176, '593020463-3', '2019-01-14', 'มา', 1, NULL),
(177, '593020466-7', '2019-01-14', 'มา', 1, NULL),
(178, '593020467-5', '2019-01-14', 'มา', 1, NULL),
(179, '593020468-3', '2019-01-14', 'มา', 1, NULL),
(180, '593020470-6', '2019-01-14', 'มา', 1, NULL),
(181, '593020791-6', '2019-01-14', 'มา', 1, NULL),
(182, '593020806-9', '2019-01-14', 'มา', 1, NULL),
(183, '593020931-6', '2019-01-14', 'มา', 1, NULL),
(184, '593021265-2', '2019-01-14', 'มา', 1, NULL),
(185, '593021266-0', '2019-01-14', 'มา', 1, NULL),
(186, '593021273-3', '2019-01-14', 'มา', 1, NULL),
(187, '593021275-9', '2019-01-14', 'มา', 1, NULL),
(188, '593021279-1', '2019-01-14', 'มา', 1, NULL),
(189, '593020452-8', '2019-01-14', 'มา', 1, NULL),
(190, '583020370-9', '2019-01-21', 'มา', 1, NULL),
(191, '583020330-1', '2019-01-21', 'มา', 1, NULL),
(192, '593020403-1', '2019-01-21', 'มา', 1, NULL),
(193, '593020474-8', '2019-01-21', 'มา', 1, NULL),
(194, '593020423-5', '2019-01-21', 'มา', 1, NULL),
(195, '593020425-1', '2019-01-21', 'มา', 1, NULL),
(196, '593020437-4', '2019-01-21', 'มา', 1, NULL),
(197, '593020455-2', '2019-01-21', 'มา', 1, NULL),
(198, '593020459-4', '2019-01-21', 'มา', 1, NULL),
(199, '593020462-5	', '2019-01-21', 'มา', 1, NULL),
(200, '593021264-4', '2019-01-21', 'มา', 1, NULL),
(201, '593021270-9', '2019-01-21', 'มา', 1, NULL),
(202, '593020052-4', '2019-01-21', 'มา', 1, NULL),
(203, '593020404-9', '2019-01-21', 'มา', 1, NULL),
(204, '593020409-9', '2019-01-21', 'มา', 1, NULL),
(205, '593020412-0', '2019-01-21', 'มา', 1, NULL),
(206, '593020418-8', '2019-01-21', 'มา', 1, NULL),
(207, '593020419-6', '2019-01-21', 'มา', 1, NULL),
(208, '593020432-4', '2019-01-21', 'มา', 1, NULL),
(209, '593020440-5', '2019-01-21', 'มา', 1, NULL),
(210, '593020441-3', '2019-01-21', 'มา', 1, NULL),
(211, '593020443-9', '2019-01-21', 'มา', 1, NULL),
(212, '593020463-3', '2019-01-21', 'มา', 1, NULL),
(213, '593020466-7', '2019-01-21', 'มา', 1, NULL),
(214, '593020467-5', '2019-01-21', 'มา', 1, NULL),
(215, '593020468-3', '2019-01-21', 'มา', 1, NULL),
(216, '593020470-6', '2019-01-21', 'มา', 1, NULL),
(217, '593020791-6', '2019-01-21', 'มา', 1, NULL),
(218, '593020806-9', '2019-01-21', 'มา', 1, NULL),
(219, '593020931-6', '2019-01-21', 'มา', 1, NULL),
(220, '593021265-2', '2019-01-21', 'มา', 1, NULL),
(221, '593021266-0', '2019-01-21', 'มา', 1, NULL),
(222, '593021273-3', '2019-01-21', 'มา', 1, NULL),
(223, '593021275-9', '2019-01-21', 'มา', 1, NULL),
(224, '593021279-1', '2019-01-21', 'มา', 1, NULL),
(225, '593020452-8', '2019-01-21', 'มา', 1, NULL),
(226, '583020370-9', '2019-01-28', 'มา', 1, NULL),
(227, '583020330-1', '2019-01-28', 'มา', 1, NULL),
(228, '593020403-1', '2019-01-28', 'มา', 1, NULL),
(229, '593020474-8', '2019-01-28', 'ลา', 1, 'ลาป่วย'),
(230, '593020423-5', '2019-01-28', 'มา', 1, NULL),
(231, '593020425-1', '2019-01-28', 'มา', 1, NULL),
(232, '593020437-4', '2019-01-28', 'มา', 1, NULL),
(233, '593020455-2', '2019-01-28', 'มา', 1, NULL),
(234, '593020459-4', '2019-01-28', 'มา', 1, NULL),
(235, '593020462-5	', '2019-01-28', 'มา', 1, NULL),
(236, '593021264-4', '2019-01-28', 'ขาด', 1, NULL),
(237, '593021270-9', '2019-01-28', 'มา', 1, NULL),
(238, '593020052-4', '2019-01-28', 'มา', 1, NULL),
(239, '593020404-9', '2019-01-28', 'มา', 1, NULL),
(240, '593020409-9', '2019-01-28', 'มา', 1, NULL),
(241, '593020412-0', '2019-01-28', 'มา', 1, NULL),
(242, '593020418-8', '2019-01-28', 'มา', 1, NULL),
(243, '593020419-6', '2019-01-28', 'มา', 1, NULL),
(244, '593020432-4', '2019-01-28', 'มา', 1, NULL),
(245, '593020440-5', '2019-01-28', 'มา', 1, NULL),
(246, '593020441-3', '2019-01-28', 'มา', 1, NULL),
(247, '593020443-9', '2019-01-28', 'มา', 1, NULL),
(248, '593020463-3', '2019-01-28', 'มา', 1, NULL),
(249, '593020466-7', '2019-01-28', 'มา', 1, NULL),
(250, '593020467-5', '2019-01-28', 'มา', 1, NULL),
(251, '593020468-3', '2019-01-28', 'มา', 1, NULL),
(252, '593020470-6', '2019-01-28', 'มา', 1, NULL),
(253, '593020791-6', '2019-01-28', 'มา', 1, NULL),
(254, '593020806-9', '2019-01-28', 'มา', 1, NULL),
(255, '593020931-6', '2019-01-28', 'มา', 1, NULL),
(256, '593021265-2', '2019-01-28', 'มา', 1, NULL),
(257, '593021266-0', '2019-01-28', 'มา', 1, NULL),
(258, '593021273-3', '2019-01-28', 'มา', 1, NULL),
(259, '593021275-9', '2019-01-28', 'มา', 1, NULL),
(260, '593021279-1', '2019-01-28', 'มา', 1, NULL),
(261, '593020452-8', '2019-01-28', 'มา', 1, NULL),
(262, '583020370-9', '2019-02-04', 'มา', 1, NULL),
(263, '583020330-1', '2019-02-04', 'มา', 1, NULL),
(264, '593020403-1', '2019-02-04', 'มา', 1, NULL),
(265, '593020474-8', '2019-02-04', 'มา', 1, NULL),
(266, '593020423-5', '2019-02-04', 'มา', 1, NULL),
(267, '593020425-1', '2019-02-04', 'มา', 1, NULL),
(268, '593020437-4', '2019-02-04', 'มา', 1, NULL),
(269, '593020455-2', '2019-02-04', 'ขาด', 1, NULL),
(270, '593020459-4', '2019-02-04', 'ขาด', 1, NULL),
(271, '593020462-5	', '2019-02-04', 'มา', 1, NULL),
(272, '593021264-4', '2019-02-04', 'มา', 1, NULL),
(273, '593021270-9', '2019-02-04', 'มา', 1, NULL),
(274, '593020052-4', '2019-02-04', 'มา', 1, NULL),
(275, '593020404-9', '2019-02-04', 'มา', 1, NULL),
(276, '593020409-9', '2019-02-04', 'มา', 1, NULL),
(277, '593020412-0', '2019-02-04', 'มา', 1, NULL),
(278, '593020418-8', '2019-02-04', 'มา', 1, NULL),
(279, '593020419-6', '2019-02-04', 'มา', 1, NULL),
(280, '593020432-4', '2019-02-04', 'มา', 1, NULL),
(281, '593020440-5', '2019-02-04', 'มา', 1, NULL),
(282, '593020441-3', '2019-02-04', 'มา', 1, NULL),
(283, '593020443-9', '2019-02-04', 'มา', 1, NULL),
(284, '593020463-3', '2019-02-04', 'มา', 1, NULL),
(285, '593020466-7', '2019-02-04', 'มา', 1, NULL),
(286, '593020467-5', '2019-02-04', 'มา', 1, NULL),
(287, '593020468-3', '2019-02-04', 'มา', 1, NULL),
(288, '593020470-6', '2019-02-04', 'มา', 1, NULL),
(289, '593020791-6', '2019-02-04', 'มา', 1, NULL),
(290, '593020806-9', '2019-02-04', 'มา', 1, NULL),
(291, '593020931-6', '2019-02-04', 'มา', 1, NULL),
(292, '593021265-2', '2019-02-04', 'มา', 1, NULL),
(293, '593021266-0', '2019-02-04', 'มา', 1, NULL),
(294, '593021273-3', '2019-02-04', 'มา', 1, NULL),
(295, '593021275-9', '2019-02-04', 'มา', 1, NULL),
(296, '593021279-1', '2019-02-04', 'มา', 1, NULL),
(297, '593020452-8', '2019-02-04', 'มา', 1, NULL),
(298, '583020370-9', '2019-02-11', 'มา', 1, NULL),
(299, '583020330-1', '2019-02-11', 'มา', 1, NULL),
(300, '593020403-1', '2019-02-11', 'มา', 1, NULL),
(301, '593020474-8', '2019-02-11', 'มา', 1, NULL),
(302, '593020423-5', '2019-02-11', 'มา', 1, NULL),
(303, '593020425-1', '2019-02-11', 'มา', 1, NULL),
(304, '593020437-4', '2019-02-11', 'มา', 1, NULL),
(305, '593020455-2', '2019-02-11', 'มา', 1, NULL),
(306, '593020459-4', '2019-02-11', 'ลา', 1, 'ลาป่วย'),
(307, '593020462-5	', '2019-02-11', 'มา', 1, NULL),
(308, '593021264-4', '2019-02-11', 'มา', 1, NULL),
(309, '593021270-9', '2019-02-11', 'มา', 1, NULL),
(310, '593020052-4', '2019-02-11', 'มา', 1, NULL),
(311, '593020404-9', '2019-02-11', 'มา', 1, NULL),
(312, '593020409-9', '2019-02-11', 'มา', 1, NULL),
(313, '593020412-0', '2019-02-11', 'มา', 1, NULL),
(314, '593020418-8', '2019-02-11', 'มา', 1, NULL),
(315, '593020419-6', '2019-02-11', 'มา', 1, NULL),
(316, '593020432-4', '2019-02-11', 'มา', 1, NULL),
(317, '593020440-5', '2019-02-11', 'มา', 1, NULL),
(318, '593020441-3', '2019-02-11', 'ขาด', 1, NULL),
(319, '593020443-9', '2019-02-11', 'ขาด', 1, NULL),
(320, '593020463-3', '2019-02-11', 'มา', 1, NULL),
(321, '593020466-7', '2019-02-11', 'มา', 1, NULL),
(322, '593020467-5', '2019-02-11', 'มา', 1, NULL),
(323, '593020468-3', '2019-02-11', 'มา', 1, NULL),
(324, '593020470-6', '2019-02-11', 'มา', 1, NULL),
(325, '593020791-6', '2019-02-11', 'มา', 1, NULL),
(326, '593020806-9', '2019-02-11', 'มา', 1, NULL),
(327, '593020931-6', '2019-02-11', 'มา', 1, NULL),
(328, '593021265-2', '2019-02-11', 'มา', 1, NULL),
(329, '593021266-0', '2019-02-11', 'มา', 1, NULL),
(330, '593021273-3', '2019-02-11', 'มา', 1, NULL),
(331, '593021275-9', '2019-02-11', 'มา', 1, NULL),
(332, '593021279-1', '2019-02-11', 'มา', 1, NULL),
(333, '593020452-8', '2019-02-11', 'มา', 1, NULL),
(334, '583020370-9', '2019-02-18', 'มา', 1, NULL),
(335, '583020330-1', '2019-02-18', 'มา', 1, NULL),
(336, '593020403-1', '2019-02-18', 'มา', 1, NULL),
(337, '593020474-8', '2019-02-18', 'มา', 1, NULL),
(338, '593020423-5', '2019-02-18', 'มา', 1, NULL),
(339, '593020425-1', '2019-02-18', 'มา', 1, NULL),
(340, '593020437-4', '2019-02-18', 'มา', 1, NULL),
(341, '593020455-2', '2019-02-18', 'มา', 1, NULL),
(342, '593020459-4', '2019-02-18', 'มา', 1, NULL),
(343, '593020462-5	', '2019-02-18', 'มา', 1, NULL),
(344, '593021264-4', '2019-02-18', 'มา', 1, NULL),
(345, '593021270-9', '2019-02-18', 'มา', 1, NULL),
(346, '593020052-4', '2019-02-18', 'มา', 1, NULL),
(347, '593020404-9', '2019-02-18', 'มา', 1, NULL),
(348, '593020409-9', '2019-02-18', 'มา', 1, NULL),
(349, '593020412-0', '2019-02-18', 'มา', 1, NULL),
(350, '593020418-8', '2019-02-18', 'มา', 1, NULL),
(351, '593020419-6', '2019-02-18', 'มา', 1, NULL),
(352, '593020432-4', '2019-02-18', 'มา', 1, NULL),
(353, '593020440-5', '2019-02-18', 'มา', 1, NULL),
(354, '593020441-3', '2019-02-18', 'มา', 1, NULL),
(355, '593020443-9', '2019-02-18', 'มา', 1, NULL),
(356, '593020463-3', '2019-02-18', 'มา', 1, NULL),
(357, '593020466-7', '2019-02-18', 'มา', 1, NULL),
(358, '593020467-5', '2019-02-18', 'มา', 1, NULL),
(359, '593020468-3', '2019-02-18', 'มา', 1, NULL),
(360, '593020470-6', '2019-02-18', 'มา', 1, NULL),
(361, '593020791-6', '2019-02-18', 'มา', 1, NULL),
(362, '593020806-9', '2019-02-18', 'มา', 1, NULL),
(363, '593020931-6', '2019-02-18', 'มา', 1, NULL),
(364, '593021265-2', '2019-02-18', 'มา', 1, NULL),
(365, '593021266-0', '2019-02-18', 'มา', 1, NULL),
(366, '593021273-3', '2019-02-18', 'มา', 1, NULL),
(367, '593021275-9', '2019-02-18', 'มา', 1, NULL),
(368, '593021279-1', '2019-02-18', 'มา', 1, NULL),
(369, '593020452-8', '2019-02-18', 'มา', 1, NULL),
(370, '583020370-9', '2019-02-25', 'มา', 1, NULL),
(371, '583020330-1', '2019-02-25', 'ลา', 1, 'ลาป่วย'),
(372, '593020403-1', '2019-02-25', 'มา', 1, NULL),
(373, '593020474-8', '2019-02-25', 'มา', 1, NULL),
(374, '593020423-5', '2019-02-25', 'มา', 1, NULL),
(375, '593020425-1', '2019-02-25', 'มา', 1, NULL),
(376, '593020437-4', '2019-02-25', 'มา', 1, NULL),
(377, '593020455-2', '2019-02-25', 'มา', 1, NULL),
(378, '593020459-4', '2019-02-25', 'มา', 1, NULL),
(379, '593020462-5	', '2019-02-25', 'มา', 1, NULL),
(380, '593021264-4', '2019-02-25', 'มา', 1, NULL),
(381, '593021270-9', '2019-02-25', 'มา', 1, NULL),
(382, '593020052-4', '2019-02-25', 'ขาด', 1, NULL),
(383, '593020404-9', '2019-02-25', 'มา', 1, NULL),
(384, '593020409-9', '2019-02-25', 'มา', 1, NULL),
(385, '593020412-0', '2019-02-25', 'มา', 1, NULL),
(386, '593020418-8', '2019-02-25', 'มา', 1, NULL),
(387, '593020419-6', '2019-02-25', 'มา', 1, NULL),
(388, '593020432-4', '2019-02-25', 'มา', 1, NULL),
(389, '593020440-5', '2019-02-25', 'ลา', 1, 'ลาป่วย'),
(390, '593020441-3', '2019-02-25', 'มา', 1, NULL),
(391, '593020443-9', '2019-02-25', 'มา', 1, NULL),
(392, '593020463-3', '2019-02-25', 'ขาด', 1, NULL),
(393, '593020466-7', '2019-02-25', 'มา', 1, NULL),
(394, '593020467-5', '2019-02-25', 'มา', 1, NULL),
(395, '593020468-3', '2019-02-25', 'มา', 1, NULL),
(396, '593020470-6', '2019-02-25', 'มา', 1, NULL),
(397, '593020791-6', '2019-02-25', 'มา', 1, NULL),
(398, '593020806-9', '2019-02-25', 'มา', 1, NULL),
(399, '593020931-6', '2019-02-25', 'มา', 1, NULL),
(400, '593021265-2', '2019-02-25', 'มา', 1, NULL),
(401, '593021266-0', '2019-02-25', 'มา', 1, NULL),
(402, '593021273-3', '2019-02-25', 'มา', 1, NULL),
(403, '593021275-9', '2019-02-25', 'มา', 1, NULL),
(404, '593021279-1', '2019-02-25', 'มา', 1, NULL),
(405, '593020452-8', '2019-02-25', 'มา', 1, NULL),
(406, '583020370-9', '2019-03-04', 'ขาด', 1, NULL),
(407, '583020330-1', '2019-03-04', 'มา', 1, NULL),
(408, '593020403-1', '2019-03-04', 'ขาด', 1, NULL),
(409, '593020474-8', '2019-03-04', 'มา', 1, NULL),
(410, '593020423-5', '2019-03-04', 'มา', 1, NULL),
(411, '593020425-1', '2019-03-04', 'มา', 1, NULL),
(412, '593020437-4', '2019-03-04', 'มา', 1, NULL),
(413, '593020455-2', '2019-03-04', 'มา', 1, NULL),
(414, '593020459-4', '2019-03-04', 'มา', 1, NULL),
(415, '593020462-5	', '2019-03-04', 'มา', 1, NULL),
(416, '593021264-4', '2019-03-04', 'มา', 1, NULL),
(417, '593021270-9', '2019-03-04', 'มา', 1, NULL),
(418, '593020052-4', '2019-03-04', 'มา', 1, NULL),
(419, '593020404-9', '2019-03-04', 'มา', 1, NULL),
(420, '593020409-9', '2019-03-04', 'มา', 1, NULL),
(421, '593020412-0', '2019-03-04', 'มา', 1, NULL),
(422, '593020418-8', '2019-03-04', 'มา', 1, NULL),
(423, '593020419-6', '2019-03-04', 'มา', 1, NULL),
(424, '593020432-4', '2019-03-04', 'มา', 1, NULL),
(425, '593020440-5', '2019-03-04', 'มา', 1, NULL),
(426, '593020441-3', '2019-03-04', 'มา', 1, NULL),
(427, '593020443-9', '2019-03-04', 'ขาด', 1, NULL),
(428, '593020463-3', '2019-03-04', 'มา', 1, NULL),
(429, '593020466-7', '2019-03-04', 'มา', 1, NULL),
(430, '593020467-5', '2019-03-04', 'มา', 1, NULL),
(431, '593020468-3', '2019-03-04', 'มา', 1, NULL),
(432, '593020470-6', '2019-03-04', 'มา', 1, NULL),
(433, '593020791-6', '2019-03-04', 'มา', 1, NULL),
(434, '593020806-9', '2019-03-04', 'มา', 1, NULL),
(435, '593020931-6', '2019-03-04', 'มา', 1, NULL),
(436, '593021265-2', '2019-03-04', 'มา', 1, NULL),
(437, '593021266-0', '2019-03-04', 'มา', 1, NULL),
(438, '593021273-3', '2019-03-04', 'มา', 1, NULL),
(439, '593021275-9', '2019-03-04', 'มา', 1, NULL),
(440, '593021279-1', '2019-03-04', 'มา', 1, NULL),
(441, '593020452-8', '2019-03-04', 'มา', 1, NULL),
(442, '583020370-9', '2019-03-11', 'มา', 1, NULL),
(443, '583020330-1', '2019-03-11', 'มา', 1, NULL),
(444, '593020403-1', '2019-03-11', 'ลา', 1, 'ลากิจ'),
(445, '593020474-8', '2019-03-11', 'มา', 1, NULL),
(446, '593020423-5', '2019-03-11', 'มา', 1, NULL),
(447, '593020425-1', '2019-03-11', 'มา', 1, NULL),
(448, '593020437-4', '2019-03-11', 'มา', 1, NULL),
(449, '593020455-2', '2019-03-11', 'มา', 1, NULL),
(450, '593020459-4', '2019-03-11', 'มา', 1, NULL),
(451, '593020462-5	', '2019-03-11', 'มา', 1, NULL),
(452, '593021264-4', '2019-03-11', 'มา', 1, NULL),
(453, '593021270-9', '2019-03-11', 'มา', 1, NULL),
(454, '593020052-4', '2019-03-11', 'ขาด', 1, NULL),
(455, '593020404-9', '2019-03-11', 'ขาด', 1, NULL),
(456, '593020409-9', '2019-03-11', 'มา', 1, NULL),
(457, '593020412-0', '2019-03-11', 'มา', 1, NULL),
(458, '593020418-8', '2019-03-11', 'มา', 1, NULL),
(459, '593020419-6', '2019-03-11', 'มา', 1, NULL),
(460, '593020432-4', '2019-03-11', 'มา', 1, NULL),
(461, '593020440-5', '2019-03-11', 'มา', 1, NULL),
(462, '593020441-3', '2019-03-11', 'มา', 1, NULL),
(463, '593020443-9', '2019-03-11', 'มา', 1, NULL),
(464, '593020463-3', '2019-03-11', 'มา', 1, NULL),
(465, '593020466-7', '2019-03-11', 'ขาด', 1, NULL),
(466, '593020467-5', '2019-03-11', 'มา', 1, NULL),
(467, '593020468-3', '2019-03-11', 'มา', 1, NULL),
(468, '593020470-6', '2019-03-11', 'มา', 1, NULL),
(469, '593020791-6', '2019-03-11', 'มา', 1, NULL),
(470, '593020806-9', '2019-03-11', 'มา', 1, NULL),
(471, '593020931-6', '2019-03-11', 'มา', 1, NULL),
(472, '593021265-2', '2019-03-11', 'มา', 1, NULL),
(473, '593021266-0', '2019-03-11', 'มา', 1, NULL),
(474, '593021273-3', '2019-03-11', 'มา', 1, NULL),
(475, '593021275-9', '2019-03-11', 'มา', 1, NULL),
(476, '593021279-1', '2019-03-11', 'มา', 1, NULL),
(477, '593020452-8', '2019-03-11', 'มา', 1, NULL),
(478, '593021283-0', '2018-08-07', 'มา', 4, NULL),
(479, '593020403-1', '2018-08-07', 'มา', 4, NULL),
(480, '593020407-3', '2018-08-07', 'มา', 4, NULL),
(481, '593020413-8', '2018-08-07', 'มา', 4, NULL),
(482, '593020423-5', '2018-08-07', 'มา', 4, NULL),
(483, '593020425-1', '2018-08-07', 'มา', 4, NULL),
(484, '593020426-9', '2018-08-07', 'มา', 4, NULL),
(485, '593020428-5', '2018-08-07', 'มา', 4, NULL),
(486, '593020432-4', '2018-08-07', 'มา', 4, NULL),
(487, '593020437-4', '2018-08-07', 'มา', 4, NULL),
(488, '593020440-5', '2018-08-07', 'มา', 4, NULL),
(489, '593020441-3', '2018-08-07', 'มา', 4, NULL),
(490, '593020443-9', '2018-08-07', 'มา', 4, NULL),
(491, '593020459-4', '2018-08-07', 'มา', 4, NULL),
(492, '593020462-5	', '2018-08-07', 'มา', 4, NULL),
(493, '593020463-3', '2018-08-07', 'มา', 4, NULL),
(494, '593020802-7', '2018-08-07', 'ขาด', 4, NULL),
(495, '593020931-6', '2018-08-07', 'มา', 4, NULL),
(496, '593021264-4', '2018-08-07', 'มา', 4, NULL),
(497, '593021270-9', '2018-08-07', 'มา', 4, NULL),
(498, '593021286-4', '2018-08-07', 'มา', 4, NULL),
(499, '593021283-0', '2018-08-14', 'มา', 4, NULL),
(500, '593020403-1', '2018-08-14', 'มา', 4, NULL),
(501, '593020407-3', '2018-08-14', 'มา', 4, NULL),
(502, '593020413-8', '2018-08-14', 'มา', 4, NULL),
(503, '593020423-5', '2018-08-14', 'มา', 4, NULL),
(504, '593020425-1', '2018-08-14', 'มา', 4, NULL),
(505, '593020426-9', '2018-08-14', 'มา', 4, NULL),
(506, '593020428-5', '2018-08-14', 'ขาด', 4, NULL),
(507, '593020432-4', '2018-08-14', 'มา', 4, NULL),
(508, '593020437-4', '2018-08-14', 'มา', 4, NULL),
(509, '593020440-5', '2018-08-14', 'มา', 4, NULL),
(510, '593020441-3', '2018-08-14', 'มา', 4, NULL),
(511, '593020443-9', '2018-08-14', 'ขาด', 4, NULL),
(512, '593020459-4', '2018-08-14', 'มา', 4, NULL),
(513, '593020462-5	', '2018-08-14', 'มา', 4, NULL),
(514, '593020463-3', '2018-08-14', 'มา', 4, NULL),
(515, '593020802-7', '2018-08-14', 'มา', 4, NULL),
(516, '593020931-6', '2018-08-14', 'มา', 4, NULL),
(517, '593021264-4', '2018-08-14', 'มา', 4, NULL),
(518, '593021270-9', '2018-08-14', 'มา', 4, NULL),
(519, '593021286-4', '2018-08-14', 'มา', 4, NULL),
(520, '593021283-0', '2018-08-21', 'มา', 4, NULL),
(521, '593020403-1', '2018-08-21', 'มา', 4, NULL),
(522, '593020407-3', '2018-08-21', 'มา', 4, NULL),
(523, '593020413-8', '2018-08-21', 'มา', 4, NULL),
(524, '593020423-5', '2018-08-21', 'มา', 4, NULL),
(525, '593020425-1', '2018-08-21', 'มา', 4, NULL),
(526, '593020426-9', '2018-08-21', 'มา', 4, NULL),
(527, '593020428-5', '2018-08-21', 'ลา', 4, 'ลาป่วย'),
(528, '593020432-4', '2018-08-21', 'มา', 4, NULL),
(529, '593020437-4', '2018-08-21', 'มา', 4, NULL),
(530, '593020440-5', '2018-08-21', 'มา', 4, NULL),
(531, '593020441-3', '2018-08-21', 'มา', 4, NULL),
(532, '593020443-9', '2018-08-21', 'มา', 4, NULL),
(533, '593020459-4', '2018-08-21', 'มา', 4, NULL),
(534, '593020462-5	', '2018-08-21', 'มา', 4, NULL),
(535, '593020463-3', '2018-08-21', 'มา', 4, NULL),
(536, '593020802-7', '2018-08-21', 'มา', 4, NULL),
(537, '593020931-6', '2018-08-21', 'ขาด', 4, NULL),
(538, '593021264-4', '2018-08-21', 'มา', 4, NULL),
(539, '593021270-9', '2018-08-21', 'ขาด', 4, NULL),
(540, '593021286-4', '2018-08-21', 'มา', 4, NULL),
(545, '593020404-9', '2018-08-07', 'มา', 11, NULL),
(546, '593020409-9', '2018-08-07', 'มา', 11, NULL),
(547, '593020412-0', '2018-08-07', 'มา', 11, NULL),
(548, '593020419-6', '2018-08-07', 'มา', 11, NULL),
(549, '593020455-2', '2018-08-07', 'มา', 11, NULL),
(550, '593020456-0', '2018-08-07', 'มา', 11, NULL),
(551, '593020464-1', '2018-08-07', 'มา', 11, NULL),
(552, '593020466-7', '2018-08-07', 'ขาด', 11, NULL),
(553, '593020467-5', '2018-08-07', 'มา', 11, NULL),
(554, '593020470-6', '2018-08-07', 'มา', 11, NULL),
(555, '593020474-8', '2018-08-07', 'มา', 11, NULL),
(556, '593020791-6', '2018-08-07', 'มา', 11, NULL),
(557, '593020806-9', '2018-08-07', 'มา', 11, NULL),
(558, '593021266-0', '2018-08-07', 'ขาด', 11, NULL),
(559, '593021284-8', '2018-08-07', 'มา', 11, NULL),
(560, '593021286-4', '2018-08-07', 'มา', 11, NULL),
(561, '593020404-9', '2018-08-08', 'มา', 11, NULL),
(562, '593020409-9', '2018-08-08', 'มา', 11, NULL),
(563, '593020412-0', '2018-08-08', 'มา', 11, NULL),
(564, '593020419-6', '2018-08-08', 'มา', 11, NULL),
(565, '593020455-2', '2018-08-08', 'มา', 11, NULL),
(566, '593020456-0', '2018-08-08', 'มา', 11, NULL),
(567, '593020464-1', '2018-08-08', 'มา', 11, NULL),
(568, '593020466-7', '2018-08-08', 'ขาด', 11, NULL),
(569, '593020467-5', '2018-08-08', 'มา', 11, NULL),
(570, '593020470-6', '2018-08-08', 'มา', 11, NULL),
(571, '593020474-8', '2018-08-08', 'มา', 11, NULL),
(572, '593020791-6', '2018-08-08', 'มา', 11, NULL),
(573, '593020806-9', '2018-08-08', 'มา', 11, NULL),
(574, '593021266-0', '2018-08-08', 'ลา', 11, 'ลากิจ'),
(575, '593021284-8', '2018-08-08', 'มา', 11, NULL),
(576, '593021286-4', '2018-08-08', 'มา', 11, NULL),
(577, '593020404-9', '2018-08-14', 'มา', 11, NULL),
(578, '593020409-9', '2018-08-14', 'มา', 11, NULL),
(579, '593020412-0', '2018-08-14', 'มา', 11, NULL),
(580, '593020419-6', '2018-08-14', 'มา', 11, NULL),
(581, '593020455-2', '2018-08-14', 'มา', 11, NULL),
(582, '593020456-0', '2018-08-14', 'มา', 11, NULL),
(583, '593020464-1', '2018-08-14', 'ขาด', 11, NULL),
(584, '593020466-7', '2018-08-14', 'มา', 11, NULL),
(585, '593020467-5', '2018-08-14', 'มา', 11, NULL),
(586, '593020470-6', '2018-08-14', 'มา', 11, NULL),
(587, '593020474-8', '2018-08-14', 'มา', 11, NULL),
(588, '593020791-6', '2018-08-14', 'มา', 11, NULL),
(589, '593020806-9', '2018-08-14', 'มา', 11, NULL),
(590, '593021266-0', '2018-08-14', 'มา', 11, NULL),
(591, '593021284-8', '2018-08-14', 'ขาด', 11, NULL),
(592, '593021286-4', '2018-08-14', 'มา', 11, NULL),
(617, '593020413-8', '2019-01-10', 'มา', 2, NULL),
(618, '593020404-9', '2019-01-10', 'มา', 2, NULL),
(619, '593020403-1', '2019-01-10', 'ขาด', 2, NULL),
(620, '593020412-0', '2019-01-10', 'มา', 2, NULL),
(621, '593020418-8', '2019-01-10', 'มา', 2, NULL),
(622, '593020419-6', '2019-01-10', 'มา', 2, NULL),
(623, '593020423-5', '2019-01-10', 'มา', 2, NULL),
(624, '593020425-1', '2019-01-10', 'มา', 2, NULL),
(625, '593020426-9', '2019-01-10', 'มา', 2, NULL),
(626, '593020428-5', '2019-01-10', 'มา', 2, NULL),
(627, '593020432-4', '2019-01-10', 'มา', 2, NULL),
(628, '593020437-4', '2019-01-10', 'มา', 2, NULL),
(629, '593020440-5', '2019-01-10', 'ขาด', 2, NULL),
(630, '593020441-3', '2019-01-10', 'มา', 2, NULL),
(631, '593021265-2', '2019-01-10', 'มา', 2, NULL),
(632, '593020413-8', '2019-01-17', 'มา', 2, NULL),
(633, '593020404-9', '2019-01-17', 'มา', 2, NULL),
(634, '593020403-1', '2019-01-17', 'มา', 2, NULL),
(635, '593020412-0', '2019-01-17', 'มา', 2, NULL),
(636, '593020418-8', '2019-01-17', 'ขาด', 2, NULL),
(637, '593020419-6', '2019-01-17', 'มา', 2, NULL),
(638, '593020423-5', '2019-01-17', 'มา', 2, NULL),
(639, '593020425-1', '2019-01-17', 'มา', 2, NULL),
(640, '593020426-9', '2019-01-17', 'ขาด', 2, NULL),
(641, '593020428-5', '2019-01-17', 'มา', 2, NULL),
(642, '593020432-4', '2019-01-17', 'มา', 2, NULL),
(643, '593020437-4', '2019-01-17', 'มา', 2, NULL),
(644, '593020440-5', '2019-01-17', 'มา', 2, NULL),
(645, '593020441-3', '2019-01-17', 'ขาด', 2, NULL),
(646, '593021265-2', '2019-01-17', 'มา', 2, NULL),
(647, '593020413-8', '2019-01-24', 'มา', 2, NULL),
(648, '593020404-9', '2019-01-24', 'ขาด', 2, NULL),
(649, '593020403-1', '2019-01-24', 'มา', 2, NULL),
(650, '593020412-0', '2019-01-24', 'ขาด', 2, NULL),
(651, '593020418-8', '2019-01-24', 'มา', 2, NULL),
(652, '593020419-6', '2019-01-24', 'มา', 2, NULL),
(653, '593020423-5', '2019-01-24', 'มา', 2, NULL),
(654, '593020425-1', '2019-01-24', 'ขาด', 2, NULL),
(655, '593020426-9', '2019-01-24', 'มา', 2, NULL),
(656, '593020428-5', '2019-01-24', 'มา', 2, NULL),
(657, '593020432-4', '2019-01-24', 'มา', 2, NULL),
(658, '593020437-4', '2019-01-24', 'มา', 2, NULL),
(659, '593020440-5', '2019-01-24', 'ขาด', 2, NULL),
(660, '593020441-3', '2019-01-24', 'มา', 2, NULL),
(661, '593021265-2', '2019-01-24', 'มา', 2, NULL);

-- --------------------------------------------------------

--
-- Table structure for table `subject`
--

CREATE TABLE `subject` (
  `subject_id` int(11) NOT NULL,
  `subject_code` varchar(10) COLLATE utf8_unicode_ci NOT NULL,
  `subjectName_Th` varchar(50) COLLATE utf8_unicode_ci NOT NULL,
  `subjectName_En` varchar(50) COLLATE utf8_unicode_ci NOT NULL,
  `section` varchar(1) COLLATE utf8_unicode_ci NOT NULL,
  `year` int(11) NOT NULL,
  `Semester` int(2) NOT NULL
) ENGINE=InnoDB DEFAULT CHARSET=utf8 COLLATE=utf8_unicode_ci;

--
-- Dumping data for table `subject`
--

INSERT INTO `subject` (`subject_id`, `subject_code`, `subjectName_Th`, `subjectName_En`, `section`, `year`, `Semester`) VALUES
(1, '322371', 'วิศวกรรมซอฟต์แวร์', 'SOFTWARE ENGINEERING', '1', 2561, 2),
(2, '322391', 'ระเบียบวิธีวิจัย	', 'RESEARCH METHODOLOGY', '1', 2561, 2),
(3, '322492', 'สัมมนาทางวิทยาการคอมพิวเตอร์	', 'SEMINAR IN COMPUTER SCIENCE', '1', 2561, 1),
(4, '322327', 'ความมั่นคงระบบเครื่อข่ายคอมพิวเตอร์	', 'COMPUTER NETWORK SECURITY', '1', 2561, 1),
(5, 'SC002104', 'วิทยาศาสตร์กายภาพ', 'PHYSICAL SCIENCE', '1', 2561, 2),
(6, 'SC311004', 'การเขียนโปรแกรมเชิงวัตถุ', 'OBJECT-ORIENTED PROGRAMMING ', '1', 2561, 2),
(7, '322371', 'วิศวกรรมซอฟต์แวร์', 'SOFTWARE ENGINEERING', '2', 2561, 2),
(8, '322391', 'ระเบียบวิธีวิจัย	', 'RESEARCH METHODOLOGY', '2', 2561, 2),
(9, '322391', 'ระเบียบวิธีวิจัย	', 'RESEARCH METHODOLOGY', '3', 2561, 2),
(10, 'SC311004', 'การเขียนโปรแกรมเชิงวัตถุ', 'OBJECT-ORIENTED PROGRAMMING ', '2', 2561, 2),
(11, '322385', 'การประกันคุณภาพซอฟต์แวร์', 'SOFTWARE QUALITY ASSURANCE', '1', 2561, 1),
(12, '322385', 'การประกันคุณภาพซอฟต์แวร์', 'SOFTWARE QUALITY ASSURANCE', '2', 2561, 1),
(13, '322327', 'ความมั่นคงระบบเครื่อข่ายคอมพิวเตอร์', 'COMPUTER NETWORK SECURITY', '2', 2561, 1);

-- --------------------------------------------------------

--
-- Table structure for table `user_info`
--

CREATE TABLE `user_info` (
  `UID` int(11) NOT NULL,
  `username` varchar(50) COLLATE utf8_unicode_ci NOT NULL,
  `password` varchar(50) COLLATE utf8_unicode_ci NOT NULL,
  `firstName` varchar(50) COLLATE utf8_unicode_ci NOT NULL,
  `lastName` varchar(50) COLLATE utf8_unicode_ci NOT NULL,
  `stdId` varchar(50) COLLATE utf8_unicode_ci NOT NULL,
  `email` varchar(50) COLLATE utf8_unicode_ci NOT NULL,
  `count_CheckLogin` int(11) NOT NULL,
  `Year` int(11) NOT NULL,
  `Branch` varchar(15) COLLATE utf8_unicode_ci NOT NULL
) ENGINE=InnoDB DEFAULT CHARSET=utf8 COLLATE=utf8_unicode_ci COMMENT='ตารางข้อมูลของผู้ใช้';

--
-- Dumping data for table `user_info`
--

INSERT INTO `user_info` (`UID`, `username`, `password`, `firstName`, `lastName`, `stdId`, `email`, `count_CheckLogin`, `Year`, `Branch`) VALUES
(1, 'chitsutha', 'chitsuthakku2019', 'อ.ดร.ชิตสุธา', 'สุ่มเล็ก', '-', 'chitsutha@kku.ac.th ', 0, 0, ''),
(2, '593021283-0', 'onvarathakoo2019', 'นางสาวอรวรา', 'ทาสระคู', '593021283-0', 'onvara.thasakoo@kkumail.com', 0, 3, 'CS'),
(3, '593020413-8', 'chaiwat413-8', 'ชัยวัฒน์', 'แก้วมุกดาสวรรค์', '593020413-8', 'k.chaiwat@kkumail.com', 0, 4, 'CS'),
(4, 'punhor1', 'punhorkku2019', 'ผศ.ดร.ปัญญาพล', 'หอระตะ', '-', 'punhor1@kku.ac.th', 0, 0, ''),
(5, '593021274-1', 'meytawut274-1', 'นายเมธวัฒน์', 'จงใจภักดิ์', '593021274-1', 'j_meytawut@kkumail.com', 0, 4, 'CS'),
(8, '593021286-4', 'anuparp2019', 'นายอานุภาพ', 'จันทศรี', '593021286-4', 'anuparp_j@kkumail.com', 0, 3, 'CS'),
(9, '593021284-8', 'atchara2019', 'นางสาวอัจฉรา', 'มณีพร', '593021284-8', 'atchara_m@kkumail.com', 0, 3, 'CS'),
(10, '593020426-9', 'thanakit2019', 'ธนกฤต', 'ชำกรมวัฒนกุล', '593020426-9', 'thanakit@kkumail.com', 0, 3, 'CS'),
(11, '583020370-9', 'apiwat2019', 'นายอภิวัฒน์', 'เมฆวัน', '583020370-9', '', 0, 4, 'CS'),
(12, '593020403-1', 'kanok2019', 'นางสาวกนกสุดา', 'ดีแล้ว', '593020403-1', '', 0, 3, 'CS'),
(13, '583020330-1', 'nuttapong2019', 'นายณัฎฐพงค์', 'รัตนศิริพรหม', '583020330-1', '', 0, 4, 'CS'),
(14, '593020425-1', 'thanat2019', 'นายธณัฐพงษ์', 'เค้ามาก', '593020425-1', '', 0, 3, 'CS'),
(15, '593020459-4', 'wasinee2019', 'นางสาววศินี', 'ชมชื่น', '593020459-4', '', 0, 3, 'CS'),
(16, '593020437-4', 'prapassorn2019', 'นางสาวประภัสสร', 'จันทราษี', '593020437-4', '', 0, 3, 'CS'),
(17, '593020462-5	', 'wilawan2019', 'นางสาววิลาวัณย์', 'ชินสงคราม', '593020462-5	', '', 0, 3, 'CS'),
(18, '593020474-8', 'uracha2019', 'นางสาวอุรชา', 'ภูดิฐวัฒนโชค', '593020474-8', '', 0, 3, 'CS'),
(19, '593020455-2', 'rattaphol2019', 'นายรัฐพล', 'กิจวิวัฒน์กุล', '593020455-2', '', 0, 3, 'CS'),
(20, '593020423-5', 'nitchakran2019', 'นางสาวณิชกานต์', 'ปัตลา', '593020423-5', '', 0, 3, 'CS'),
(21, '593020407-3', 'kunyakorn2019', 'นางสาวกัลยกร', 'พูลปัญญา', '593020407-3', '', 0, 3, 'CS'),
(22, '593020428-5', 'thunsita2019', 'นางสาวธัญสิตา', 'เคนโสม', '593020428-5', '', 0, 3, 'CS'),
(23, '593020447-1', 'putsorn2019', 'นางสาวพุทซ้อน', 'เสาร์วงค์', '593020447-1', '', 0, 3, 'CS'),
(24, '593020450-2', 'phuminth2019', 'นายภูมินทร์', 'ดวนขันธ์', '593020450-2', '', 0, 3, 'CS'),
(25, '593020456-0', 'ruengyod', 'นายเรืองยศ', 'ตรีมาศ', '593020456-0', '', 0, 3, 'CS'),
(26, '593020464-1', 'sarawut2019', 'นายศราวุธ', 'ราชจันดี', '593020464-1', '', 0, 3, 'CS'),
(27, '593020802-7', 'patnarin2019', 'นายภัทนรินทร์', 'สัมพันธะ', '593020802-7', '', 0, 3, 'CS'),
(28, '583020354-7', '', 'นายวสิษฐพล', 'นุคิด', '583020354-7', 'sittapol.n@kkumail.com', 0, 4, 'CS'),
(29, '593021264-4', '', 'นางสาวกนกพร', 'ธนวัฒนากูล', '593021264-4', '', 0, 3, 'CS'),
(30, '593021270-9', '', 'นางสาวฑิตยา', 'ศรีวุฒิทรัพย์', '593021270-9', '', 0, 3, 'CS'),
(31, '593020052-4', '', 'นายปภาวิชญ์', 'พาศรี', '593020052-4', '', 0, 3, 'CS'),
(32, '593020404-9', '', 'นางสาวกรรณิกา', 'ตากิ่มนอก', '593020404-9', '', 0, 3, 'CS'),
(33, '593020409-9', '', 'นางสาวจิตรลดา', 'ปัตตาเทศา', '593020409-9', '', 0, 3, 'CS'),
(34, '593020412-0', '', 'นางสาวชนิตา', 'เกษมสุข', '593020412-0', '', 0, 3, 'CS'),
(35, '593020418-8', '', 'นางสาวณัฐชยา', 'แฝงเมืองคุก', '593020418-8', '', 0, 3, 'CS'),
(36, '593020419-6', '', 'นายณัฐพงศ์', 'โภคาศรี', '593020419-6', '', 0, 3, 'CS'),
(37, '593020432-4', '', 'นางสาวนธิภรณ์', 'พละพันธ์', '593020432-4', '', 0, 3, 'CS'),
(38, '593020440-5', '', 'นายพงศกร', 'แซ่ตั้ง', '593020440-5', '', 0, 3, 'CS'),
(39, '593020441-3', '', 'นายพงศกร ', 'นาคอก', '593020441-3', '', 0, 3, 'CS'),
(40, '593020443-9', '', 'นายพชร', 'สรภูมิ', '593020443-9', '', 0, 3, 'CS'),
(41, '593020452-8', '', 'นายภูวเดช', 'ผาปริญญา', '593020452-8', '', 0, 3, 'CS'),
(42, '593020463-3', '', 'นายวิษณุ', 'พลไธสง', '593020463-3', '', 0, 3, 'CS'),
(43, '593020466-7', '', 'นายศุภณัฐ', 'บุญสารี', '593020466-7', '', 0, 3, 'CS'),
(44, '593020467-5', '', 'นายสิทธิ', 'สุทธิธรรม', '593020467-5', '', 0, 3, 'CS'),
(45, '593020468-3', '', 'นายสุตชาติ', 'ปุ๊กหมื่นไวย์', '593020468-3', '', 0, 3, 'CS'),
(46, '593020470-6', '', 'นายสุริยพงศ์', 'มอญขาม', '593020470-6', '', 0, 3, 'CS'),
(47, '593020791-6', '', 'นางสาวชนาเนตร', 'คำเพิงใจ', '593020791-6', '', 0, 3, 'CS'),
(48, '593020806-9', '', 'นายวิทยา', 'คงกระพันธุ์', '593020806-9', '', 0, 3, 'CS'),
(49, '593020931-6', '', 'นายอัครเดช', 'แก้วมณีโชติ', '593020931-6', '', 0, 3, 'CS'),
(50, '593021265-2', '', 'นายกษิดิศ', 'ไกรศรีวรรธนะ', '593021265-2', '', 0, 3, 'CS'),
(51, '593021266-0', '', 'นายกิตติธัช', 'ปลั่งกลาง', '593021266-0', '', 0, 3, 'CS'),
(52, '593021273-3', '', 'นางสาวภควดี', 'สุวรรณะ', '593021273-3', '', 0, 3, 'CS'),
(53, '593021275-9', '', 'นายยศสรัล', 'กิตติปฐมวิทย์', '593021275-9', '', 0, 3, 'CS'),
(54, '593021279-1', '', 'นายศักดิ์ยะวัชร', 'สีกู่กา', '593021279-1', '', 0, 3, 'CS'),
(55, '583020637-5', '', 'นางสาวธนพร', 'ฉัตรมงคลชาติ', '583020637-5', 'thanaporn.c@kkumail.com', 0, 4, 'CS');

-- --------------------------------------------------------

--
-- Table structure for table `user_role`
--

CREATE TABLE `user_role` (
  `subject_id` int(11) NOT NULL,
  `UID` int(11) NOT NULL,
  `roleID` int(11) NOT NULL,
  `role` varchar(20) COLLATE utf8_unicode_ci NOT NULL
) ENGINE=InnoDB DEFAULT CHARSET=utf8 COLLATE=utf8_unicode_ci;

--
-- Dumping data for table `user_role`
--

INSERT INTO `user_role` (`subject_id`, `UID`, `roleID`, `role`) VALUES
(1, 1, 1, 'อาจารย์'),
(7, 2, 2, 'นักศึกษา'),
(1, 3, 3, 'นักศึกษา'),
(2, 3, 4, 'นักศึกษา'),
(6, 4, 5, 'อาจารย์'),
(7, 5, 6, 'นักศึกษา'),
(5, 5, 7, 'นักศึกษา'),
(7, 8, 8, 'นักศึกษา'),
(7, 9, 9, 'นักศึกษา'),
(7, 10, 10, 'นักศึกษา'),
(1, 11, 11, 'นักศึกษา'),
(1, 12, 12, 'นักศึกษา'),
(1, 13, 13, 'นักศึกษา'),
(1, 14, 14, 'นักศึกษา'),
(1, 15, 15, 'นักศึกษา'),
(1, 16, 16, 'นักศึกษา'),
(1, 17, 17, 'นักศึกษา'),
(1, 18, 18, 'นักศึกษา'),
(1, 19, 19, 'นักศึกษา'),
(1, 20, 20, 'นักศึกษา'),
(7, 21, 21, 'นักศึกษา'),
(7, 22, 22, 'นักศึกษา'),
(7, 23, 23, 'นักศึกษา'),
(7, 24, 24, 'นักศึกษา'),
(7, 25, 25, 'นักศึกษา'),
(7, 26, 26, 'นักศึกษา'),
(7, 27, 27, 'นักศึกษา'),
(2, 4, 28, 'อาจารย์'),
(2, 1, 29, 'อาจารย์'),
(4, 1, 30, 'อาจารย์'),
(7, 1, 31, 'อาจารย์'),
(8, 1, 32, 'อาจารย์'),
(9, 1, 33, 'อาจารย์'),
(11, 1, 34, 'อาจารย์'),
(12, 1, 35, 'อาจารย์'),
(13, 1, 36, 'อาจารย์'),
(1, 29, 37, 'นักศึกษา'),
(1, 30, 38, 'นักศึกษา'),
(1, 31, 39, 'นักศึกษา'),
(1, 32, 40, 'นักศึกษา'),
(1, 33, 41, 'นักศึกษา'),
(1, 34, 42, 'นักศึกษา'),
(1, 35, 43, 'นักศึกษา'),
(1, 36, 44, 'นักศึกษา'),
(1, 37, 45, 'นักศึกษา'),
(1, 38, 46, 'นักศึกษา'),
(1, 39, 47, 'นักศึกษา'),
(1, 40, 48, 'นักศึกษา'),
(1, 41, 49, 'นักศึกษา'),
(1, 42, 50, 'นักศึกษา'),
(1, 43, 51, 'นักศึกษา'),
(1, 44, 52, 'นักศึกษา'),
(1, 45, 53, 'นักศึกษา'),
(1, 46, 54, 'นักศึกษา'),
(1, 47, 55, 'นักศึกษา'),
(1, 48, 56, 'นักศึกษา'),
(1, 49, 57, 'นักศึกษา'),
(1, 50, 58, 'นักศึกษา'),
(1, 51, 59, 'นักศึกษา'),
(1, 52, 60, 'นักศึกษา'),
(1, 53, 61, 'นักศึกษา'),
(1, 54, 62, 'นักศึกษา'),
(1, 55, 63, 'ผู้ช่วยสอน'),
(7, 55, 64, 'ผู้ช่วยสอน'),
(1, 28, 65, 'ผู้ช่วยสอน'),
(7, 28, 66, 'ผู้ช่วยสอน'),
(4, 28, 67, 'ผู้ช่วยสอน'),
(13, 28, 68, 'ผู้ช่วยสอน'),
(11, 55, 69, 'ผู้ช่วยสอน'),
(12, 55, 70, 'ผู้ช่วยสอน'),
(4, 2, 71, 'นักศึกษา'),
(4, 12, 72, 'นักศึกษา'),
(4, 21, 73, 'นักศึกษา'),
(4, 3, 74, 'นักศึกษา'),
(4, 20, 75, 'นักศึกษา'),
(4, 14, 76, 'นักศึกษา'),
(4, 10, 77, 'นักศึกษา'),
(4, 22, 78, 'นักศึกษา'),
(4, 37, 79, 'นักศึกษา'),
(4, 16, 80, 'นักศึกษา'),
(4, 38, 81, 'นักศึกษา'),
(4, 39, 82, 'นักศึกษา'),
(4, 40, 83, 'นักศึกษา'),
(4, 42, 84, 'นักศึกษา'),
(4, 15, 85, 'นักศึกษา'),
(4, 16, 86, 'นักศึกษา'),
(4, 27, 87, 'นักศึกษา'),
(4, 29, 88, 'นักศึกษา'),
(4, 30, 89, 'นักศึกษา'),
(4, 49, 90, 'นักศึกษา'),
(4, 8, 91, 'นักศึกษา'),
(11, 32, 92, 'นักศึกษา'),
(11, 33, 93, 'นักศึกษา'),
(11, 34, 94, 'นักศึกษา'),
(11, 36, 95, 'นักศึกษา'),
(11, 19, 96, 'นักศึกษา'),
(11, 25, 97, 'นักศึกษา'),
(11, 26, 98, 'นักศึกษา'),
(11, 43, 99, 'นักศึกษา'),
(11, 44, 100, 'นักศึกษา'),
(11, 46, 101, 'นักศึกษา'),
(11, 18, 102, 'นักศึกษา'),
(11, 47, 103, 'นักศึกษา'),
(11, 48, 104, 'นักศึกษา'),
(11, 51, 105, 'นักศึกษา'),
(11, 9, 106, 'นักศึกษา'),
(11, 8, 107, 'นักศึกษา'),
(2, 32, 108, 'นักศึกษา'),
(2, 12, 109, 'นักศึกษา'),
(2, 34, 111, 'นักศึกษา'),
(2, 35, 113, 'นักศึกษา'),
(2, 36, 114, 'นักศึกษา'),
(2, 20, 115, 'นักศึกษา'),
(2, 14, 116, 'นักศึกษา'),
(2, 10, 117, 'นักศึกษา'),
(2, 22, 118, 'นักศึกษา'),
(2, 37, 119, 'นักศึกษา'),
(2, 16, 120, 'นักศึกษา'),
(2, 38, 121, 'นักศึกษา'),
(2, 39, 122, 'นักศึกษา'),
(2, 50, 123, 'นักศึกษา'),
(2, 52, 124, 'นักศึกษา'),
(12, 10, 125, 'นักศึกษา'),
(12, 11, 126, 'นักศึกษา'),
(12, 13, 127, 'นักศึกษา'),
(12, 15, 128, 'นักศึกษา'),
(12, 40, 129, 'นักศึกษา'),
(12, 50, 130, 'นักศึกษา'),
(12, 45, 131, 'นักศึกษา'),
(12, 41, 132, 'นักศึกษา'),
(12, 42, 133, 'นักศึกษา'),
(12, 20, 134, 'นักศึกษา'),
(12, 22, 135, 'นักศึกษา'),
(12, 31, 136, 'นักศึกษา');

--
-- Indexes for dumped tables
--

--
-- Indexes for table `attendance_status`
--
ALTER TABLE `attendance_status`
  ADD PRIMARY KEY (`idAttend`),
  ADD KEY `subject_id` (`subject_id`),
  ADD KEY `stdId` (`stdId`);

--
-- Indexes for table `subject`
--
ALTER TABLE `subject`
  ADD PRIMARY KEY (`subject_id`),
  ADD KEY `subject_code` (`subject_code`),
  ADD KEY `section` (`section`);

--
-- Indexes for table `user_info`
--
ALTER TABLE `user_info`
  ADD PRIMARY KEY (`UID`),
  ADD KEY `stdId` (`stdId`);

--
-- Indexes for table `user_role`
--
ALTER TABLE `user_role`
  ADD PRIMARY KEY (`roleID`,`subject_id`),
  ADD KEY `subject_id` (`subject_id`),
  ADD KEY `UID` (`UID`);

--
-- AUTO_INCREMENT for dumped tables
--

--
-- AUTO_INCREMENT for table `attendance_status`
--
ALTER TABLE `attendance_status`
  MODIFY `idAttend` int(11) NOT NULL AUTO_INCREMENT, AUTO_INCREMENT=672;

--
-- AUTO_INCREMENT for table `subject`
--
ALTER TABLE `subject`
  MODIFY `subject_id` int(11) NOT NULL AUTO_INCREMENT, AUTO_INCREMENT=14;

--
-- AUTO_INCREMENT for table `user_info`
--
ALTER TABLE `user_info`
  MODIFY `UID` int(11) NOT NULL AUTO_INCREMENT, AUTO_INCREMENT=56;

--
-- AUTO_INCREMENT for table `user_role`
--
ALTER TABLE `user_role`
  MODIFY `roleID` int(11) NOT NULL AUTO_INCREMENT, AUTO_INCREMENT=137;

--
-- Constraints for dumped tables
--

--
-- Constraints for table `attendance_status`
--
ALTER TABLE `attendance_status`
  ADD CONSTRAINT `attendance_status_ibfk_1` FOREIGN KEY (`subject_id`) REFERENCES `subject` (`subject_id`),
  ADD CONSTRAINT `attendance_status_ibfk_2` FOREIGN KEY (`stdId`) REFERENCES `user_info` (`stdId`);

--
-- Constraints for table `user_role`
--
ALTER TABLE `user_role`
  ADD CONSTRAINT `user_role_ibfk_1` FOREIGN KEY (`subject_id`) REFERENCES `subject` (`subject_id`),
  ADD CONSTRAINT `user_role_ibfk_2` FOREIGN KEY (`UID`) REFERENCES `user_info` (`UID`);
COMMIT;

/*!40101 SET CHARACTER_SET_CLIENT=@OLD_CHARACTER_SET_CLIENT */;
/*!40101 SET CHARACTER_SET_RESULTS=@OLD_CHARACTER_SET_RESULTS */;
/*!40101 SET COLLATION_CONNECTION=@OLD_COLLATION_CONNECTION */;
